date,body battery charged,body battery drained,sleep total seconds,deep sleep seconds,light sleep seconds,rem sleep seconds,awake sleep seconds,avg respiration (sleep),min respiration (sleep),max respiration (sleep),awake count,avg sleep stress,avg heart rate (sleep),overall sleep score,deep sleep percent,rem sleep percent,light sleep percent,resting heart rate (overnight),body battery change (overnight),avg overnight HRV,total steps,resting heart rate,min heart rate,max heart rate,7 day heart rate average,max stress,avg stress,active calories,resting calories,total calories,lowest respiration (all day),highest respiration (all day),avg waking respiration,hrv weekly avg,hrv last night avg,hrv last night 5min high,moderate intensity minutes,vigorous intensity minutes,weekly total intensity minutes
2026-09-04,48,93,17760,2760,11820,3180,540,15.0,11.0,22.0,1,14.0,62.0,64,16,18,67,54,42,41.0,13257,54.0,50,186,62,99,43,1300.0,1981.0,3281.0,8.0,24.0,16.0,37.0,41,71,41,41,132
2026-09-05,18,18,17460,3600,13560,300,2280,17.0,12.0,22.0,2,35.0,68.0,44,21,2,78,62,17,30.0,3449,62.0,58,117,62,95,43,249.0,1981.0,2230.0,8.0,24.0,16.0,37.0,30,51,0,0,132
2026-09-06,59,56,30540,3660,21300,5580,1020,17.0,11.0,22.0,2,25.0,65.0,77,12,18,70,58,58,35.0,14647,58.0,56,137,61,99,37,733.0,1981.0,2714.0,7.0,25.0,16.0,37.0,35,53,5,2,132
2026-09-07,76,54,29340,4680,20940,3720,780,16.0,11.0,22.0,0,26.0,63.0,77,16,13,71,55,64,42.0,9086,55.0,53,127,60,98,31,542.0,1981.0,2523.0,7.0,24.0,16.0,37.0,42,69,6,4,214
2026-09-08,85,39,29190,6360,20220,2640,1080,16.0,9.0,23.0,2,15.0,61.0,79,22,9,69,50,73,46.0,5522,50.0,48,97,58,71,13,121.0,1981.0,2102.0,6.0,24.0,15.0,38.0,46,83,0,0,214
2026-09-09,33,85,31500,3060,21540,6900,0,15.0,11.0,19.0,0,4.0,52.0,90,10,22,68,48,41,64.0,9411,48.0,46,180,57,96,29,758.0,1981.0,2739.0,9.0,24.0,16.0,42.0,64,100,23,26,214
2026-09-10,75,56,28680,4320,18540,5820,840,15.0,10.0,20.0,1,14.0,56.0,87,15,20,65,52,73,49.0,3860,52.0,49,90,54,80,20,67.0,2089.0,2156.0,7.0,22.0,15.0,43.0,49,75,0,0,214
2026-09-11,49,65,28800,4740,18840,5220,1140,15.0,9.0,20.0,2,21.0,60.0,82,16,18,65,56,48,42.0,7839,56.0,53,174,54,96,30,915.0,2089.0,3004.0,8.0,23.0,16.0,43.0,42,67,16,43,214
2026-09-12,54,78,32340,3420,20400,8520,2400,16.0,11.0,21.0,2,20.0,59.0,80,11,26,63,54,62,44.0,7280,54.0,52,125,53,99,48,1154.0,2089.0,3243.0,7.0,23.0,16.0,45.0,44,65,7,8,214
2026-09-13,17,17,16140,2400,12420,1320,2460,17.0,10.0,22.0,2,62.0,72.0,38,15,8,77,57,13,29.0,5849,57.0,61,108,53,94,40,456.0,2089.0,2545.0,8.0,23.0,17.0,44.0,29,46,0,0,214
2026-09-14,86,79,33060,6420,20940,5700,300,16.0,11.0,22.0,0,15.0,62.0,89,19,17,63,51,86,49.0,15892,51.0,49,164,53,94,32,911.0,2089.0,3000.0,8.0,24.0,16.0,45.0,49,87,12,25,68
2026-09-15,52,39,24600,5040,18000,1560,1020,17.0,12.0,23.0,2,38.0,70.0,55,20,6,73,55,22,30.0,6862,55.0,53,113,53,87,28,282.0,2089.0,2371.0,7.0,23.0,15.0,42.0,30,56,0,0,68
2026-09-16,62,51,24900,3600,18060,3240,2160,16.0,10.0,22.0,3,25.0,67.0,66,14,13,73,53,43,43.0,5969,53.0,52,104,54,84,25,250.0,2089.0,2339.0,7.0,23.0,16.0,40.0,43,55,0,1,68
2026-09-17,59,81,26220,4080,15720,6420,1080,15.0,11.0,20.0,1,16.0,57.0,85,16,24,60,53,62,54.0,6945,53.0,51,116,54,94,29,359.0,2089.0,2448.0,8.0,23.0,15.0,40.0,54,73,0,2,68
2026-09-18,42,11,22200,5400,14640,2160,1020,16.0,11.0,22.0,1,22.0,62.0,71,24,10,66,58,42,45.0,2944,58.0,54,105,54,78,26,146.0,821.0,967.0,8.0,23.0,14.0,41.0,45,71,0,0,68
2026-09-19,29,29,23640,2040,18480,3120,2520,17.0,7.0,21.0,4,35.0,67.0,54,9,13,78,58,27,35.0,11437,58.0,55,130,55,99,41,668.0,2089.0,2757.0,7.0,24.0,16.0,40.0,35,63,1,5,86
2026-09-20,48,19,22560,3360,15780,3420,2400,17.0,12.0,23.0,3,41.0,67.0,52,15,15,70,59,26,34.0,7356,59.0,56,97,55,79,28,353.0,2089.0,2442.0,7.0,23.0,16.0,41.0,34,47,0,0,86
2026-09-21,69,78,23100,1560,15720,5820,360,15.0,9.0,20.0,1,7.0,54.0,76,7,25,68,46,78,64.0,8438,46.0,45,172,55,96,23,809.0,2089.0,2898.0,5.0,23.0,15.0,42.0,64,101,25,27,210
2026-09-22,66,85,22894,2880,15780,4260,2100,15.0,9.0,21.0,3,11.0,54.0,71,13,19,69,51,66,55.0,12748,51.0,47,142,54,99,35,607.0,2078.0,2685.0,8.0,24.0,15.0,46.0,55,79,11,11,210
2026-09-23,29,18,21960,2100,19860,0,2340,17.0,6.0,22.0,2,32.0,69.0,50,10,0,90,59,10,30.0,6562,59.0,56,106,55,87,30,265.0,2078.0,2343.0,5.0,25.0,15.0,44.0,30,51,0,0,210
2026-09-24,83,79,29280,5340,18720,5220,120,15.0,6.0,21.0,0,9.0,56.0,93,18,18,64,51,75,54.0,6808,51.0,49,127,55,99,28,371.0,2078.0,2449.0,5.0,23.0,15.0,44.0,54,83,3,8,210
2026-09-25,79,84,32880,3420,24660,4800,1500,14.0,5.0,19.0,2,14.0,56.0,81,10,15,75,51,70,52.0,8186,51.0,50,170,54,94,28,786.0,2078.0,2864.0,5.0,24.0,15.0,45.0,52,95,23,28,210
2026-09-26,85,64,27720,3960,18120,5640,540,15.0,11.0,19.0,0,17.0,57.0,84,14,20,65,51,75,52.0,5035,51.0,49,98,53,86,21,149.0,2078.0,2227.0,5.0,22.0,15.0,47.0,52,78,0,0,210
2026-09-27,72,69,32194,6300,18900,7020,120,15.0,11.0,20.0,0,11.0,53.0,96,20,22,59,49,68,52.0,7735,49.0,48,101,51,84,21,211.0,2082.0,2293.0,7.0,21.0,14.0,50.0,52,72,0,0,210
2026-09-28,63,88,25680,5040,14460,6180,780,14.0,7.0,20.0,1,8.0,51.0,88,20,24,56,47,59,60.0,9121,47.0,45,177,51,96,34,941.0,2082.0,3023.0,4.0,23.0,16.0,50.0,60,76,25,44,113
2026-09-29,79,49,28080,4020,19020,5040,2100,15.0,11.0,19.0,3,15.0,53.0,80,14,18,68,50,62,45.0,6714,50.0,49,94,51,86,20,193.0,2082.0,2275.0,8.0,23.0,15.0,48.0,45,64,0,0,113
2026-09-30,55,10,29400,3720,22140,3540,1260,14.0,11.0,19.0,1,14.0,51.0,82,13,12,75,48,67,60.0,1288,48.0,45,91,50,57,7,38.0,750.0,788.0,9.0,20.0,14.0,53.0,60,83,0,0,113
2026-10-01,68,52,26100,2880,17280,5940,4260,14.0,10.0,18.0,5,17.0,55.0,56,11,23,66,50,62,51.0,7100,50.0,48,104,49,87,21,239.0,2082.0,2321.0,7.0,21.0,14.0,53.0,51,71,0,0,307
2026-10-02,60,37,24600,5040,14820,4740,540,13.0,8.0,19.0,0,11.0,52.0,83,20,19,60,49,59,59.0,5057,49.0,48,167,49,97,32,738.0,2082.0,2820.0,7.0,23.0,15.0,54.0,59,94,14,38,307
2026-10-03,33,34,19140,2880,11700,4560,780,16.0,11.0,19.0,1,25.0,59.0,65,15,24,61,53,28,44.0,10895,53.0,51,114,49,97,33,443.0,2070.0,2513.0,7.0,23.0,14.0,53.0,44,58,0,1,307
2026-10-04,86,70,27780,7140,13320,7320,480,14.0,11.0,20.0,0,13.0,53.0,93,26,26,48,48,84,56.0,6498,48.0,47,98,49,91,30,207.0,2070.0,2277.0,8.0,22.0,15.0,53.0,56,84,0,0,307
2026-10-05,74,78,25440,6360,14940,4140,360,15.0,7.0,19.0,1,11.0,53.0,84,25,16,59,48,64,54.0,9072,48.0,48,134,49,97,28,425.0,2070.0,2495.0,6.0,25.0,16.0,52.0,54,87,2,6,14
